This query should have returned FALSE:

ij> values 1 > all (select 2 from sysibm.sysdummy1);
1    

true 

1 row selected

This query should have returned TRUE:

ij> values 1 < all (select 2 from sysibm.sysdummy1);
1    

NULL 

1 row selected